"","title","hit","url_val"
"1","갈라치기 하는 알바들에게","43","http://www.clien.net/service/board/park/14745552?od=T31&po=0&category=&groupCd=community"
"2","요즘 말할때 문제가 생깁니다. 술이 문제인지 나이 때문인지..","17","http://www.clien.net/service/board/park/14745551?od=T31&po=0&category=&groupCd=community"
"3","속보) 아베 총리 - 올림픽 연기를 첫 언급","76","http://www.clien.net/service/board/park/14745550?od=T31&po=0&category=&groupCd=community"
"4","중국에서 격리됐을때 받은 식사.jpg","320","http://www.clien.net/service/board/park/14745549?od=T31&po=0&category=&groupCd=community"
"5","TV조선은 정도를 넘는것 같은데요","174","http://www.clien.net/service/board/park/14745547?od=T31&po=0&category=&groupCd=community"
"6","\(ㅇㅁㅇ)/ 일 하 기 싫 어 !","51","http://www.clien.net/service/board/park/14745545?od=T31&po=0&category=&groupCd=community"
"7","페이스북 특정인이 글쓰면 도대체 알람이 왜 안울리나요","6","http://www.clien.net/service/board/kin/14745544?od=T31&po=0&category=&groupCd=community"
"8","감자가 도착했습니다.jpg","517","http://www.clien.net/service/board/park/14745542?od=T31&po=0&category=&groupCd=community"
"9","김남국후보 후원계좌 열렸습니다.....","121","http://www.clien.net/service/board/park/14745541?od=T31&po=0&category=&groupCd=community"
"10","권순정 페북에서 마음에 안드는 점.txt","603","http://www.clien.net/service/board/park/14745540?od=T31&po=0&category=&groupCd=community"
"11","와이프가 동숲을 하고 싶어 하는데 말이죠.","635","http://www.clien.net/service/board/park/14745539?od=T31&po=0&category=&groupCd=community"
"12","영화 '사냥의 시간' 넷플릭스 직행은 큰 충격을 주네요.....","982","http://www.clien.net/service/board/park/14745537?od=T31&po=0&category=&groupCd=community"
"13","EBS초등 라이브특강 서버다운됐네요. ㅜㅜ","443","http://www.clien.net/service/board/park/14745535?od=T31&po=0&category=&groupCd=community"
"14","무교입장에서 천주교와 코리안스타일 개신교는 구분합니다!","443","http://www.clien.net/service/board/park/14745534?od=T31&po=0&category=&groupCd=community"
"15","오영환 힘내라!!","1044","http://www.clien.net/service/board/park/14745533?od=T31&po=0&category=&groupCd=community"
"16","3개월 정도 뒤에 미국에 가야 합니다. 영어공부를 어떻게 하는게 좋을까요?","70","http://www.clien.net/service/board/kin/14745531?od=T31&po=0&category=&groupCd=community"
"17","악마 종자들이 실체를 드러내기 시작했네요 ㅎㄷ","1871","http://www.clien.net/service/board/park/14745528?od=T31&po=0&category=&groupCd=community"
"18","급여계좌 증권사 계좌 가능한가요?","45","http://www.clien.net/service/board/kin/14745527?od=T31&po=0&category=&groupCd=community"
"19","영화 '사냥의시간' 넷플릭스 공개 결정.jpg","1737","http://www.clien.net/service/board/park/14745526?od=T31&po=0&category=&groupCd=community"
"20","클리앙 아이디 귀한 줄 압시다.","960","http://www.clien.net/service/board/park/14745525?od=T31&po=0&category=&groupCd=community"
"21","교회 임대료 걱정하는 대구시장이라니???","984","http://www.clien.net/service/board/park/14745523?od=T31&po=0&category=&groupCd=community"
"22","이제 펭수가 달리기 시작합니다.","1026","http://www.clien.net/service/board/park/14745522?od=T31&po=0&category=&groupCd=community"
"23","스타벅스 쿠폰의 유효기간.","459","http://www.clien.net/service/board/park/14745521?od=T31&po=0&category=&groupCd=community"
"24","신한 금융투자 서버 터진걸까요?","611","http://www.clien.net/service/board/park/14745520?od=T31&po=0&category=&groupCd=community"
"25","[속보] 거래소, 코스닥시장도 매도 사이드카 발동","2248","http://www.clien.net/service/board/park/14745519?od=T31&po=0&category=&groupCd=community"
"26","아베 '도쿄올림픽, 연기 판단도 하지 않을 수 없다'(1보)","1848","http://www.clien.net/service/board/park/14745517?od=T31&po=0&category=&groupCd=community"
"27","코드 리팩토링 한 적 없는데..?","893","http://www.clien.net/service/board/park/14745516?od=T31&po=0&category=&groupCd=community"
"28","저의 지난주로또 입니다..","696","http://www.clien.net/service/board/park/14745515?od=T31&po=0&category=&groupCd=community"
"29","대충 아이유.jpgif","1990","http://www.clien.net/service/board/park/14745514?od=T31&po=0&category=&groupCd=community"
"30","이민왔습니다.","1583","http://www.clien.net/service/board/park/14745513?od=T31&po=0&category=&groupCd=community"
